PRAGMA foreign_keys=OFF;
BEGIN TRANSACTION;
CREATE TABLE IF NOT EXISTS "django_migrations" ("id" integer NOT NULL PRIMARY KEY AUTOINCREMENT, "app" varchar(255) NOT NULL, "name" varchar(255) NOT NULL, "applied" datetime NOT NULL);
INSERT INTO django_migrations VALUES(1,'contenttypes','0001_initial','2022-06-10 23:37:48.634992');
INSERT INTO django_migrations VALUES(2,'auth','0001_initial','2022-06-10 23:37:48.675846');
INSERT INTO django_migrations VALUES(3,'admin','0001_initial','2022-06-10 23:37:48.690669');
INSERT INTO django_migrations VALUES(4,'admin','0002_logentry_remove_auto_add','2022-06-10 23:37:48.716583');
INSERT INTO django_migrations VALUES(5,'admin','0003_logentry_add_action_flag_choices','2022-06-10 23:37:48.736063');
INSERT INTO django_migrations VALUES(6,'contenttypes','0002_remove_content_type_name','2022-06-10 23:37:48.761368');
INSERT INTO django_migrations VALUES(7,'auth','0002_alter_permission_name_max_length','2022-06-10 23:37:48.776931');
INSERT INTO django_migrations VALUES(8,'auth','0003_alter_user_email_max_length','2022-06-10 23:37:48.789082');
INSERT INTO django_migrations VALUES(9,'auth','0004_alter_user_username_opts','2022-06-10 23:37:48.800456');
INSERT INTO django_migrations VALUES(10,'auth','0005_alter_user_last_login_null','2022-06-10 23:37:48.813837');
INSERT INTO django_migrations VALUES(11,'auth','0006_require_contenttypes_0002','2022-06-10 23:37:48.817958');
INSERT INTO django_migrations VALUES(12,'auth','0007_alter_validators_add_error_messages','2022-06-10 23:37:48.827665');
INSERT INTO django_migrations VALUES(13,'auth','0008_alter_user_username_max_length','2022-06-10 23:37:48.843617');
INSERT INTO django_migrations VALUES(14,'auth','0009_alter_user_last_name_max_length','2022-06-10 23:37:48.855634');
INSERT INTO django_migrations VALUES(15,'auth','0010_alter_group_name_max_length','2022-06-10 23:37:48.871600');
INSERT INTO django_migrations VALUES(16,'auth','0011_update_proxy_permissions','2022-06-10 23:37:48.881266');
INSERT INTO django_migrations VALUES(17,'auth','0012_alter_user_first_name_max_length','2022-06-10 23:37:48.893552');
INSERT INTO django_migrations VALUES(18,'sessions','0001_initial','2022-06-10 23:37:48.906246');
INSERT INTO django_migrations VALUES(19,'multi','0001_initial','2022-06-11 00:05:53.437803');
INSERT INTO django_migrations VALUES(20,'multi','0002_board_delete_memes','2022-06-11 01:01:55.897388');
INSERT INTO django_migrations VALUES(21,'multi','0003_board_boarddescription_board_boardname','2022-06-11 01:03:19.035989');
INSERT INTO django_migrations VALUES(22,'multi','0004_alter_board_boardname','2022-06-11 01:28:47.663976');
INSERT INTO django_migrations VALUES(23,'multi','0005_rename_boarddescription_board_description_and_more','2022-06-11 01:50:42.565942');
INSERT INTO django_migrations VALUES(24,'multi','0006_post','2022-06-13 19:34:12.506873');
INSERT INTO django_migrations VALUES(25,'multi','0007_board_newadd','2022-06-23 22:09:47.384606');
INSERT INTO django_migrations VALUES(26,'multi','0008_board_adminpost','2022-06-24 00:24:49.266640');
CREATE TABLE IF NOT EXISTS "auth_group_permissions" ("id" integer NOT NULL PRIMARY KEY AUTOINCREMENT, "group_id" integer NOT NULL REFERENCES "auth_group" ("id") DEFERRABLE INITIALLY DEFERRED, "permission_id" integer NOT NULL REFERENCES "auth_permission" ("id") DEFERRABLE INITIALLY DEFERRED);
CREATE TABLE IF NOT EXISTS "auth_user_groups" ("id" integer NOT NULL PRIMARY KEY AUTOINCREMENT, "user_id" integer NOT NULL REFERENCES "auth_user" ("id") DEFERRABLE INITIALLY DEFERRED, "group_id" integer NOT NULL REFERENCES "auth_group" ("id") DEFERRABLE INITIALLY DEFERRED);
CREATE TABLE IF NOT EXISTS "auth_user_user_permissions" ("id" integer NOT NULL PRIMARY KEY AUTOINCREMENT, "user_id" integer NOT NULL REFERENCES "auth_user" ("id") DEFERRABLE INITIALLY DEFERRED, "permission_id" integer NOT NULL REFERENCES "auth_permission" ("id") DEFERRABLE INITIALLY DEFERRED);
CREATE TABLE IF NOT EXISTS "django_admin_log" ("id" integer NOT NULL PRIMARY KEY AUTOINCREMENT, "action_time" datetime NOT NULL, "object_id" text NULL, "object_repr" varchar(200) NOT NULL, "change_message" text NOT NULL, "content_type_id" integer NULL REFERENCES "django_content_type" ("id") DEFERRABLE INITIALLY DEFERRED, "user_id" integer NOT NULL REFERENCES "auth_user" ("id") DEFERRABLE INITIALLY DEFERRED, "action_flag" smallint unsigned NOT NULL CHECK ("action_flag" >= 0));
INSERT INTO django_admin_log VALUES(1,'2022-06-11 01:37:53.909604','1','Board object (1)','[{"added": {}}]',7,1,1);
INSERT INTO django_admin_log VALUES(2,'2022-06-11 01:38:11.121762','2','Board object (2)','[{"added": {}}]',7,1,1);
INSERT INTO django_admin_log VALUES(3,'2022-06-11 01:53:31.554841','3','Board object (3)','[{"added": {}}]',7,1,1);
INSERT INTO django_admin_log VALUES(4,'2022-06-13 19:34:23.810411','1','Post object (1)','[{"added": {}}]',8,1,1);
INSERT INTO django_admin_log VALUES(5,'2022-06-13 20:21:41.959133','2','Post object (2)','[{"added": {}}]',8,1,1);
INSERT INTO django_admin_log VALUES(6,'2022-06-13 20:21:55.954416','3','Post object (3)','[{"added": {}}]',8,1,1);
CREATE TABLE IF NOT EXISTS "django_content_type" ("id" integer NOT NULL PRIMARY KEY AUTOINCREMENT, "app_label" varchar(100) NOT NULL, "model" varchar(100) NOT NULL);
INSERT INTO django_content_type VALUES(1,'admin','logentry');
INSERT INTO django_content_type VALUES(2,'auth','permission');
INSERT INTO django_content_type VALUES(3,'auth','group');
INSERT INTO django_content_type VALUES(4,'auth','user');
INSERT INTO django_content_type VALUES(5,'contenttypes','contenttype');
INSERT INTO django_content_type VALUES(6,'sessions','session');
INSERT INTO django_content_type VALUES(7,'multi','board');
INSERT INTO django_content_type VALUES(8,'multi','post');
CREATE TABLE IF NOT EXISTS "auth_permission" ("id" integer NOT NULL PRIMARY KEY AUTOINCREMENT, "content_type_id" integer NOT NULL REFERENCES "django_content_type" ("id") DEFERRABLE INITIALLY DEFERRED, "codename" varchar(100) NOT NULL, "name" varchar(255) NOT NULL);
INSERT INTO auth_permission VALUES(1,1,'add_logentry','Can add log entry');
INSERT INTO auth_permission VALUES(2,1,'change_logentry','Can change log entry');
INSERT INTO auth_permission VALUES(3,1,'delete_logentry','Can delete log entry');
INSERT INTO auth_permission VALUES(4,1,'view_logentry','Can view log entry');
INSERT INTO auth_permission VALUES(5,2,'add_permission','Can add permission');
INSERT INTO auth_permission VALUES(6,2,'change_permission','Can change permission');
INSERT INTO auth_permission VALUES(7,2,'delete_permission','Can delete permission');
INSERT INTO auth_permission VALUES(8,2,'view_permission','Can view permission');
INSERT INTO auth_permission VALUES(9,3,'add_group','Can add group');
INSERT INTO auth_permission VALUES(10,3,'change_group','Can change group');
INSERT INTO auth_permission VALUES(11,3,'delete_group','Can delete group');
INSERT INTO auth_permission VALUES(12,3,'view_group','Can view group');
INSERT INTO auth_permission VALUES(13,4,'add_user','Can add user');
INSERT INTO auth_permission VALUES(14,4,'change_user','Can change user');
INSERT INTO auth_permission VALUES(15,4,'delete_user','Can delete user');
INSERT INTO auth_permission VALUES(16,4,'view_user','Can view user');
INSERT INTO auth_permission VALUES(17,5,'add_contenttype','Can add content type');
INSERT INTO auth_permission VALUES(18,5,'change_contenttype','Can change content type');
INSERT INTO auth_permission VALUES(19,5,'delete_contenttype','Can delete content type');
INSERT INTO auth_permission VALUES(20,5,'view_contenttype','Can view content type');
INSERT INTO auth_permission VALUES(21,6,'add_session','Can add session');
INSERT INTO auth_permission VALUES(22,6,'change_session','Can change session');
INSERT INTO auth_permission VALUES(23,6,'delete_session','Can delete session');
INSERT INTO auth_permission VALUES(24,6,'view_session','Can view session');
INSERT INTO auth_permission VALUES(25,7,'add_board','Can add board');
INSERT INTO auth_permission VALUES(26,7,'change_board','Can change board');
INSERT INTO auth_permission VALUES(27,7,'delete_board','Can delete board');
INSERT INTO auth_permission VALUES(28,7,'view_board','Can view board');
INSERT INTO auth_permission VALUES(29,8,'add_post','Can add post');
INSERT INTO auth_permission VALUES(30,8,'change_post','Can change post');
INSERT INTO auth_permission VALUES(31,8,'delete_post','Can delete post');
INSERT INTO auth_permission VALUES(32,8,'view_post','Can view post');
CREATE TABLE IF NOT EXISTS "auth_group" ("id" integer NOT NULL PRIMARY KEY AUTOINCREMENT, "name" varchar(150) NOT NULL UNIQUE);
CREATE TABLE IF NOT EXISTS "auth_user" ("id" integer NOT NULL PRIMARY KEY AUTOINCREMENT, "password" varchar(128) NOT NULL, "last_login" datetime NULL, "is_superuser" bool NOT NULL, "username" varchar(150) NOT NULL UNIQUE, "last_name" varchar(150) NOT NULL, "email" varchar(254) NOT NULL, "is_staff" bool NOT NULL, "is_active" bool NOT NULL, "date_joined" datetime NOT NULL, "first_name" varchar(150) NOT NULL);
INSERT INTO auth_user VALUES(1,'pbkdf2_sha256$320000$OYDFb5BOxrRr90SnaPLjjY$7DW56iIgBoZQ0NwD8FNvfPLJhoC2judYLPCpqC65RYc=','2022-06-23 22:12:56.047005',1,'multi','','',1,1,'2022-06-11 01:04:16.432109','');
CREATE TABLE IF NOT EXISTS "django_session" ("session_key" varchar(40) NOT NULL PRIMARY KEY, "session_data" text NOT NULL, "expire_date" datetime NOT NULL);
INSERT INTO django_session VALUES('2xv18j439rekjiagu29yh9ms9q6e2k01','.eJxVjEEOwiAQRe_C2hCBguDSfc9AhmFGqgaS0q6Md7dNutDtf-_9t4iwLiWuneY4ZXEVSpx-twT4pLqD_IB6bxJbXeYpyV2RB-1ybJlet8P9OyjQy1a7oA0O4PjMmiwHw8ozahqI0Gd0G2UICTQ6ztaG4L0h1BdyLoFCLT5fAyU42A:1nzpY5:aFblicY9l9crQT5403NWmcoOz5vk9sdBIBEiBQdyjcg','2022-06-25 01:04:21.351935');
INSERT INTO django_session VALUES('8o49y764ptlnn76i1p3x7ok7gy0tydb1','.eJxVjEEOwiAQRe_C2hCBguDSfc9AhmFGqgaS0q6Md7dNutDtf-_9t4iwLiWuneY4ZXEVSpx-twT4pLqD_IB6bxJbXeYpyV2RB-1ybJlet8P9OyjQy1a7oA0O4PjMmiwHw8ozahqI0Gd0G2UICTQ6ztaG4L0h1BdyLoFCLT5fAyU42A:1o0piI:8HvZerZT6aN4Qva3IEzLsCrbQD_leJhwn_Fh6zS1ykY','2022-06-27 19:27:02.564660');
INSERT INTO django_session VALUES('tn3kz5tpjohdsxybu2114gsprv212zvr','.eJxVjEEOwiAQRe_C2hCBguDSfc9AhmFGqgaS0q6Md7dNutDtf-_9t4iwLiWuneY4ZXEVSpx-twT4pLqD_IB6bxJbXeYpyV2RB-1ybJlet8P9OyjQy1a7oA0O4PjMmiwHw8ozahqI0Gd0G2UICTQ6ztaG4L0h1BdyLoFCLT5fAyU42A:1o4V4K:Wc0W50xe96_rq2o2g1knyQ1_SE1d0qGB7Pw0Y2GO-nE','2022-07-07 22:12:56.052118');
CREATE TABLE IF NOT EXISTS "multi_post" ("id" integer NOT NULL PRIMARY KEY AUTOINCREMENT, "description" text NOT NULL, "date" datetime NOT NULL, "board_id" bigint NOT NULL REFERENCES "multi_board" ("id") DEFERRABLE INITIALLY DEFERRED);
INSERT INTO multi_post VALUES(1,'post textaaaaaaaaaaaaaaaaaaaaaaaa','2022-06-13 19:34:23.809316',1);
INSERT INTO multi_post VALUES(2,'SECOND THREAD','2022-06-13 20:21:41.958262',1);
INSERT INTO multi_post VALUES(3,'third','2022-06-13 20:21:55.952968',1);
INSERT INTO multi_post VALUES(4,'hola estimados saludos cordiales','2022-06-23 22:04:12.794798',4);
CREATE TABLE IF NOT EXISTS "multi_board" ("id" integer NOT NULL PRIMARY KEY AUTOINCREMENT, "tag" varchar(12) NOT NULL, "description" text NOT NULL, "name" varchar(50) NOT NULL, "newadd" text NOT NULL, "adminPost" text NOT NULL);
INSERT INTO multi_board VALUES(1,'SFW','no desc','animalitos de pana editao','Hola que pasa','Hola soy el admin');
INSERT INTO multi_board VALUES(2,'SFW','literature desc...','lit','Hola que pasa','Hola soy el admin');
INSERT INTO multi_board VALUES(3,'NSFW','si','nopor','Hola que pasa','Hola soy el admin');
INSERT INTO multi_board VALUES(4,'SFW','Pick a description','Pick a name','Hola que pasa','Hola soy el admin');
INSERT INTO multi_board VALUES(6,'SFW','yes 5','namber 5','Hola que pasa','Hola soy el admin');
INSERT INTO multi_board VALUES(7,'SFW','Pick a description programacion','Pick a name programacion','Hola que pasa programacion','Hola soy el admin programacion');
DELETE FROM sqlite_sequence;
INSERT INTO sqlite_sequence VALUES('django_migrations',26);
INSERT INTO sqlite_sequence VALUES('django_admin_log',6);
INSERT INTO sqlite_sequence VALUES('django_content_type',8);
INSERT INTO sqlite_sequence VALUES('auth_permission',32);
INSERT INTO sqlite_sequence VALUES('auth_group',0);
INSERT INTO sqlite_sequence VALUES('auth_user',1);
INSERT INTO sqlite_sequence VALUES('multi_post',5);
INSERT INTO sqlite_sequence VALUES('multi_board',9);
CREATE UNIQUE INDEX "auth_group_permissions_group_id_permission_id_0cd325b0_uniq" ON "auth_group_permissions" ("group_id", "permission_id");
CREATE INDEX "auth_group_permissions_group_id_b120cbf9" ON "auth_group_permissions" ("group_id");
CREATE INDEX "auth_group_permissions_permission_id_84c5c92e" ON "auth_group_permissions" ("permission_id");
CREATE UNIQUE INDEX "auth_user_groups_user_id_group_id_94350c0c_uniq" ON "auth_user_groups" ("user_id", "group_id");
CREATE INDEX "auth_user_groups_user_id_6a12ed8b" ON "auth_user_groups" ("user_id");
CREATE INDEX "auth_user_groups_group_id_97559544" ON "auth_user_groups" ("group_id");
CREATE UNIQUE INDEX "auth_user_user_permissions_user_id_permission_id_14a6b632_uniq" ON "auth_user_user_permissions" ("user_id", "permission_id");
CREATE INDEX "auth_user_user_permissions_user_id_a95ead1b" ON "auth_user_user_permissions" ("user_id");
CREATE INDEX "auth_user_user_permissions_permission_id_1fbb5f2c" ON "auth_user_user_permissions" ("permission_id");
CREATE INDEX "django_admin_log_content_type_id_c4bce8eb" ON "django_admin_log" ("content_type_id");
CREATE INDEX "django_admin_log_user_id_c564eba6" ON "django_admin_log" ("user_id");
CREATE UNIQUE INDEX "django_content_type_app_label_model_76bd3d3b_uniq" ON "django_content_type" ("app_label", "model");
CREATE UNIQUE INDEX "auth_permission_content_type_id_codename_01ab375a_uniq" ON "auth_permission" ("content_type_id", "codename");
CREATE INDEX "auth_permission_content_type_id_2f476e4b" ON "auth_permission" ("content_type_id");
CREATE INDEX "django_session_expire_date_a5c62663" ON "django_session" ("expire_date");
CREATE INDEX "multi_post_board_id_7501710a" ON "multi_post" ("board_id");
COMMIT;

